"","X","Month_Year","Mean_Temperature","state","observation_count_sum","presence_count","observation_per_min_avg","common_name","obs_per_min_log10","Month","Year","Season"
"1",1,2010-01-01,21.3344899738448,"Maine",0,0,0,"Osprey",-Inf,1,2010,1
"2",2,2010-02-01,25.6824017857143,"Maine",0,0,0,"Osprey",-Inf,2,2010,1
"3",3,2010-03-01,35.7316612903226,"Maine",1,1,0.00208333333333333,"Osprey",-2.68124123737559,3,2010,2
"4",4,2010-04-01,46.0832,"Maine",294,82,0.0386762262048156,"Osprey",-1.41255590838378,4,2010,2
"5",5,2010-05-01,55.9773599320883,"Maine",332,159,0.0326704927896707,"Osprey",-1.48584431473728,5,2010,2
"6",6,2010-06-01,61.9116578947368,"Maine",282,175,0.0309158543461815,"Osprey",-1.50981874746025,6,2010,3
"7",7,2010-07-01,70.1997820401046,"Maine",225,123,0.0251579720069058,"Osprey",-1.59932437044886,7,2010,3
"8",8,2010-08-01,66.4344168734491,"Maine",215,127,0.0280662908386145,"Osprey",-1.55181497870013,8,2010,3
"9",9,2010-09-01,59.7839512195122,"Maine",150,98,0.0345848699710245,"Osprey",-1.46111385280221,9,2010,4
"10",10,2010-10-01,46.303768686074,"Maine",54,36,0.0203937845128858,"Osprey",-1.69050217390056,10,2010,4
"11",11,2010-11-01,35.7273902439024,"Maine",0,0,0,"Osprey",-Inf,11,2010,4
"12",12,2010-12-01,24.9217062818336,"Maine",0,0,0,"Osprey",-Inf,12,2010,1
"13",13,2011-01-01,16.7677419354839,"Maine",0,0,0,"Osprey",-Inf,1,2011,1
"14",14,2011-02-01,16.8825568181818,"Maine",0,0,0,"Osprey",-Inf,2,2011,1
"15",15,2011-03-01,27.7178110599078,"Maine",2,1,0.133333333333333,"Osprey",-0.8750612633917,3,2011,2
"16",16,2011-04-01,40.4512857142857,"Maine",331,160,0.0455898517153771,"Osprey",-1.34113182037312,4,2011,2
"17",17,2011-05-01,53.0574508261212,"Maine",304,162,0.0295002488014654,"Osprey",-1.53017432122021,5,2011,2
"18",18,2011-06-01,61.168175,"Maine",300,170,0.0245756652783431,"Osprey",-1.60949471671851,6,2011,3
"19",19,2011-07-01,68.8701382488479,"Maine",263,143,0.0433086235760139,"Osprey",-1.36342561869087,7,2011,3
"20",20,2011-08-01,65.6202258064516,"Maine",284,151,0.0282614027337576,"Osprey",-1.54880628606808,8,2011,3
"21",21,2011-09-01,59.9234418604651,"Maine",190,92,0.0279031168184797,"Osprey",-1.55434728269545,9,2011,4
"22",22,2011-10-01,48.4621198156682,"Maine",29,25,0.0172114834280052,"Osprey",-1.76418169696861,10,2011,4
"23",23,2011-11-01,39.5659285714286,"Maine",0,0,0,"Osprey",-Inf,11,2011,4
"24",24,2011-12-01,27.0168421052632,"Maine",0,0,0,"Osprey",-Inf,12,2011,1
"25",25,2012-01-01,19.3785314091681,"Maine",0,0,0,"Osprey",-Inf,1,2012,1
"26",26,2012-02-01,22.746497277677,"Maine",0,0,0,"Osprey",-Inf,2,2012,1
"27",27,2012-03-01,34.9326036866359,"Maine",7,4,0.220626293995859,"Osprey",-0.65634273007892,3,2012,2
"28",28,2012-04-01,43.0157073170732,"Maine",288,159,0.0564731807768368,"Osprey",-1.24815775051485,4,2012,2
"29",29,2012-05-01,54.5073306451613,"Maine",362,235,0.0337361633257087,"Osprey",-1.4719043094534,5,2012,2
"30",30,2012-06-01,60.9658108108108,"Maine",517,290,0.0375938097668326,"Osprey",-1.42488366053591,6,2012,3
"31",31,2012-07-01,68.579331797235,"Maine",441,263,0.0260159289997991,"Osprey",-1.58476066131963,7,2012,3
"32",32,2012-08-01,68.1135161290322,"Maine",503,263,0.0417676934521125,"Osprey",-1.37915950722658,8,2012,3
"33",33,2012-09-01,56.7582142857143,"Maine",280,163,0.0232167172017939,"Osprey",-1.63419918864297,9,2012,4
"34",34,2012-10-01,48.9037419354839,"Maine",101,78,0.0181803899107366,"Osprey",-1.74039680679802,10,2012,4
"35",35,2012-11-01,33.6533846153846,"Maine",2,2,0.0192307692307692,"Osprey",-1.7160033436348,11,2012,4
"36",36,2012-12-01,25.5376370967742,"Maine",0,0,0,"Osprey",-Inf,12,2012,1
"37",37,2013-01-01,17.0768528717545,"Maine",0,0,0,"Osprey",-Inf,1,2013,1
"38",38,2013-02-01,20.7824642857143,"Maine",0,0,0,"Osprey",-Inf,2,2013,1
"39",39,2013-03-01,30.9513690007868,"Maine",3,2,0.0559523809523809,"Osprey",-1.25218142812616,3,2013,2
"40",40,2013-04-01,39.8869302325581,"Maine",475,254,0.049889164037884,"Osprey",-1.30199377320605,4,2013,2
"41",41,2013-05-01,52.925,"Maine",531,339,0.0535870361155634,"Osprey",-1.27094026300215,5,2013,2
"42",42,2013-06-01,62.0773720930233,"Maine",434,261,0.0393081213189947,"Osprey",-1.40551771222903,6,2013,3
"43",43,2013-07-01,69.2544767899292,"Maine",449,255,0.0488449324244699,"Osprey",-1.31118048689405,7,2013,3
"44",44,2013-08-01,64.5759638080252,"Maine",536,316,0.0269000381646394,"Osprey",-1.57024710383846,8,2013,3
"45",45,2013-09-01,57.6220769230769,"Maine",246,157,0.01579389075896,"Osprey",-1.8015108701817,9,2013,4
"46",46,2013-10-01,48.2460887096774,"Maine",36,29,0.0395026997144764,"Osprey",-1.40337322257521,10,2013,4
"47",47,2013-11-01,33.1760714285714,"Maine",0,0,0,"Osprey",-Inf,11,2013,4
"48",48,2013-12-01,18.2054753820034,"Maine",0,0,0,"Osprey",-Inf,12,2013,1
"49",49,2014-01-01,15.470590086546,"Maine",0,0,0,"Osprey",-Inf,1,2014,1
"50",50,2014-02-01,16.5066836734694,"Maine",0,0,0,"Osprey",-Inf,2,2014,1
"51",51,2014-03-01,19.2671597167585,"Maine",0,0,0,"Osprey",-Inf,3,2014,2
"52",52,2014-04-01,39.6270909090909,"Maine",885,315,0.071461053386996,"Osprey",-1.14593058627537,4,2014,2
"53",53,2014-05-01,52.5377569392348,"Maine",707,446,0.0310605429475609,"Osprey",-1.50779095694395,5,2014,2
"54",54,2014-06-01,62.2777142857143,"Maine",665,369,0.0353817461110927,"Osprey",-1.45122073819565,6,2014,3
"55",55,2014-07-01,68.2382670667667,"Maine",627,316,0.0418467860135951,"Osprey",-1.37833789179643,7,2014,3
"56",56,2014-08-01,65.211797235023,"Maine",646,363,0.0510213752110179,"Osprey",-1.29224783975783,8,2014,3
"57",57,2014-09-01,57.2814186046512,"Maine",328,189,0.0233145102283465,"Osprey",-1.63237370340746,9,2014,4
"58",58,2014-10-01,49.3377944486122,"Maine",47,36,0.0169204184650406,"Osprey",-1.77158890046894,10,2014,4
"59",59,2014-11-01,32.7658780487805,"Maine",0,0,0,"Osprey",-Inf,11,2014,4
"60",60,2014-12-01,27.1457373271889,"Maine",0,0,0,"Osprey",-Inf,12,2014,1
"61",61,2015-01-01,12.4939170506913,"Maine",0,0,0,"Osprey",-Inf,1,2015,1
"62",62,2015-02-01,5.96249169435216,"Maine",0,0,0,"Osprey",-Inf,2,2015,1
"63",63,2015-03-01,22.2273878835563,"Maine",0,0,0,"Osprey",-Inf,3,2015,2
"64",64,2015-04-01,38.6842857142857,"Maine",613,339,0.0577480391113309,"Osprey",-1.2384627580607,4,2015,2
"65",65,2015-05-01,56.8633870967742,"Maine",869,594,0.0486233635938735,"Osprey",-1.3131550014834,5,2015,2
"66",66,2015-06-01,58.5139302325581,"Maine",818,476,0.0385610754919554,"Osprey",-1.41385086186184,6,2015,3
"67",67,2015-07-01,65.9032177419355,"Maine",778,424,0.0395178747880698,"Osprey",-1.40320641916112,7,2015,3
"68",68,2015-08-01,67.913115656963,"Maine",559,347,0.040395300406579,"Osprey",-1.39366915781541,8,2015,3
"69",69,2015-09-01,62.7765714285714,"Maine",312,227,0.0244222521881203,"Osprey",-1.61221428847585,9,2015,4
"70",70,2015-10-01,44.2750564516129,"Maine",31,27,0.0186668966088728,"Osprey",-1.72892787796259,10,2015,4
"71",71,2015-11-01,37.836575,"Maine",1,1,0.0133333333333333,"Osprey",-1.8750612633917,11,2015,4
"72",72,2015-12-01,31.8889170506912,"Maine",0,0,0,"Osprey",-Inf,12,2015,1
"73",73,2016-01-01,20.9273092053501,"Maine",0,0,0,"Osprey",-Inf,1,2016,1
"74",74,2016-02-01,22.4315915119363,"Maine",0,0,0,"Osprey",-Inf,2,2016,1
"75",75,2016-03-01,30.3309216589862,"Maine",8,5,0.0252400339270568,"Osprey",-1.59791006565914,3,2016,2
"76",76,2016-04-01,38.6413023255814,"Maine",795,429,0.05761660809236,"Osprey",-1.2394523123543,4,2016,2
"77",77,2016-05-01,53.6062790697674,"Maine",1083,664,0.0372674577724688,"Osprey",-1.42867023195894,5,2016,2
"78",78,2016-06-01,61.366625,"Maine",968,564,0.0369311965769828,"Osprey",-1.43260662090678,6,2016,3
"79",79,2016-07-01,68.0245086271568,"Maine",881,523,0.0402572552369849,"Osprey",-1.39515583888769,7,2016,3
"80",80,2016-08-01,67.7109970674487,"Maine",930,549,0.0478517797018974,"Osprey",-1.32010190531994,8,2016,3
"81",81,2016-09-01,60.2336976744186,"Maine",533,325,0.0287845285141163,"Osprey",-1.54084087982339,9,2016,4
"82",82,2016-10-01,47.6383945986497,"Maine",34,30,0.0256178998943189,"Osprey",-1.59145647575028,10,2016,4
"83",83,2016-11-01,38.0006976744186,"Maine",0,0,0,"Osprey",-Inf,11,2016,4
"84",84,2016-12-01,21.5899527930763,"Maine",0,0,0,"Osprey",-Inf,12,2016,1
"85",85,2017-01-01,22.7212903225807,"Maine",0,0,0,"Osprey",-Inf,1,2017,1
"86",86,2017-02-01,21.3239285714286,"Maine",0,0,0,"Osprey",-Inf,2,2017,1
"87",87,2017-03-01,23.2326209677419,"Maine",0,0,0,"Osprey",-Inf,3,2017,2
"88",88,2017-04-01,42.9486097560976,"Maine",940,568,0.0496408815599461,"Osprey",-1.30416051457821,4,2017,2
"89",89,2017-05-01,51.6045852534562,"Maine",1162,720,0.0377586829486338,"Osprey",-1.42298316262917,5,2017,2
"90",90,2017-06-01,62.1273571428571,"Maine",1066,651,0.036586108419813,"Osprey",-1.4366837829617,6,2017,3
"91",91,2017-07-01,66.3199758064516,"Maine",943,537,0.0434120053748561,"Osprey",-1.36239015189182,7,2017,3
"92",92,2017-08-01,64.4189722430608,"Maine",1214,679,0.048991460816353,"Osprey",-1.30987961065548,8,2017,3
"93",93,2017-09-01,62.1059333333333,"Maine",699,427,0.0371304848156908,"Osprey",-1.43026938011926,9,2017,4
"94",94,2017-10-01,52.8098759305211,"Maine",59,54,0.0240955070012803,"Osprey",-1.61806393113734,10,2017,4
"95",95,2017-11-01,33.3577142857143,"Maine",0,0,0,"Osprey",-Inf,11,2017,4
"96",96,2017-12-01,17.4568433179723,"Maine",0,0,0,"Osprey",-Inf,12,2017,1
"97",97,2018-01-01,15.6477188940092,"Maine",0,0,0,"Osprey",-Inf,1,2018,1
"98",98,2018-02-01,22.9663675958188,"Maine",0,0,0,"Osprey",-Inf,2,2018,1
"99",99,2018-03-01,29.743995601173,"Maine",1,1,0.00833333333333333,"Osprey",-2.07918124604762,3,2018,2
"100",100,2018-04-01,37.6491363636364,"Maine",851,543,0.0858780248315592,"Osprey",-1.06611795276186,4,2018,2
"101",101,2018-05-01,54.6090570719603,"Maine",1810,1200,0.056461086230148,"Osprey",-1.2482507709071,5,2018,2
"102",102,2018-06-01,60.1171428571429,"Maine",1652,997,0.0708220371984678,"Osprey",-1.14983158490171,6,2018,3
"103",103,2018-07-01,69.756384096024,"Maine",1538,882,0.0569687007352349,"Osprey",-1.24436368522916,7,2018,3
"104",104,2018-08-01,69.1075806451613,"Maine",1667,912,0.0786028457491367,"Osprey",-1.10456173041384,8,2018,3
"105",105,2018-09-01,59.308,"Maine",830,503,0.0398568070272803,"Osprey",-1.39949749605139,9,2018,4
"106",106,2018-10-01,43.0893790322581,"Maine",77,59,0.0185474157638914,"Osprey",-1.73171659266163,10,2018,4
"107",107,2018-11-01,29.915512195122,"Maine",0,0,0,"Osprey",-Inf,11,2018,4
"108",108,2018-12-01,21.4908755760369,"Maine",0,0,0,"Osprey",-Inf,12,2018,1
"109",109,2019-01-01,15.2782488479263,"Maine",0,0,0,"Osprey",-Inf,1,2019,1
"110",110,2019-02-01,17.2072591362126,"Maine",0,0,0,"Osprey",-Inf,2,2019,1
"111",111,2019-03-01,25.1515668202765,"Maine",2,2,0.261111111111111,"Osprey",-0.583174647167589,3,2019,2
"112",112,2019-04-01,39.7210714285714,"Maine",1366,775,0.0920984430731996,"Osprey",-1.03574771150167,4,2019,2
"113",113,2019-05-01,49.2958664666167,"Maine",2373,1525,0.050927635040748,"Osprey",-1.29304649096697,5,2019,2
"114",114,2019-06-01,60.5943783783784,"Maine",1843,1193,0.0570951525754337,"Osprey",-1.24340076214128,6,2019,3
"115",115,2019-07-01,69.5159193548387,"Maine",1688,987,0.0779865489426996,"Osprey",-1.10798029761362,7,2019,3
"116",116,2019-08-01,65.6303870967742,"Maine",1829,1043,0.0681386733094947,"Osprey",-1.16660632659401,8,2019,3
"117",117,2019-09-01,56.813075,"Maine",958,625,0.0382587600437698,"Osprey",-1.41726910944921,9,2019,4
"118",118,2019-10-01,46.8891935483871,"Maine",63,44,0.0244759441706637,"Osprey",-1.61126054609479,10,2019,4
"119",119,2019-11-01,30.699125,"Maine",1,1,0.0294117647058824,"Osprey",-1.53147891704226,11,2019,4
"120",120,2019-12-01,23.657617866005,"Maine",0,0,0,"Osprey",-Inf,12,2019,1
"121",121,2020-01-01,21.7778769692423,"Maine",0,0,0,"Osprey",-Inf,1,2020,1
"122",122,2020-02-01,20.6212466843501,"Maine",0,0,0,"Osprey",-Inf,2,2020,1
"123",123,2020-03-01,30.7068894009217,"Maine",1,1,0.2,"Osprey",-0.698970004336019,3,2020,2
"124",124,2020-04-01,38.6657073170732,"Maine",1339,750,0.0696255433883205,"Osprey",-1.15723140238011,4,2020,2
"125",125,2020-05-01,52.1269949066214,"Maine",2912,1881,0.0421270027018741,"Osprey",-1.3754394394334,5,2020,2
"126",126,2020-06-01,63.5568604651163,"Maine",1363,923,0.0422648510093119,"Osprey",-1.37402065764652,6,2020,3
"127",127,2020-07-01,69.7661774193548,"Maine",1462,904,0.0551872102462287,"Osprey",-1.25816155928301,7,2020,3
"128",128,2020-08-01,66.7509429280397,"Maine",2276,1309,0.0544453492839637,"Osprey",-1.26403921171305,8,2020,3
"129",129,2020-09-01,58.1116153846154,"Maine",1306,765,0.0353052735589888,"Osprey",-1.45216041907363,9,2020,4
"130",130,2020-10-01,45.8288248847926,"Maine",150,127,0.0184874650104622,"Osprey",-1.7331226349438,10,2020,4
"131",131,2020-11-01,37.8006428571429,"Maine",2,2,0.15,"Osprey",-0.823908740944319,11,2020,4
"132",132,2020-12-01,27.739551534225,"Maine",0,0,0,"Osprey",-Inf,12,2020,1
"133",133,2021-01-01,22.258615263572,"Maine",0,0,0,"Osprey",-Inf,1,2021,1
"134",134,2021-02-01,18.595521978022,"Maine",0,0,0,"Osprey",-Inf,2,2021,1
"135",135,2021-03-01,30.0877419354839,"Maine",0,0,0,"Osprey",-Inf,3,2021,2
"136",1,2010-01-01,21.3344899738448,"Maine",2,2,0.00188746438746439,"Red-Winged Blackbird",-2.72412123385698,1,2010,1
"137",2,2010-02-01,25.6824017857143,"Maine",2,2,0.0257575757575758,"Red-Winged Blackbird",-1.58909501416359,2,2010,1
"138",3,2010-03-01,35.7316612903226,"Maine",1442,137,0.278740450653015,"Red-Winged Blackbird",-0.55480000214913,3,2010,2
"139",4,2010-04-01,46.0832,"Maine",1329,248,0.163720175300262,"Red-Winged Blackbird",-0.785897799013968,4,2010,2
"140",5,2010-05-01,55.9773599320883,"Maine",2990,482,0.127621194559203,"Red-Winged Blackbird",-0.894077194613783,5,2010,2
"141",6,2010-06-01,61.9116578947368,"Maine",2102,298,0.147834108748248,"Red-Winged Blackbird",-0.8302253525979,6,2010,3
"142",7,2010-07-01,70.1997820401046,"Maine",1383,196,0.11089147000336,"Red-Winged Blackbird",-0.955101859377872,7,2010,3
"143",8,2010-08-01,66.4344168734491,"Maine",305,39,0.224895922154285,"Red-Winged Blackbird",-0.648018419183967,8,2010,3
"144",9,2010-09-01,59.7839512195122,"Maine",699,21,0.711635283628991,"Red-Winged Blackbird",-0.147742527275172,9,2010,4
"145",10,2010-10-01,46.303768686074,"Maine",524,49,0.118302246473682,"Red-Winged Blackbird",-0.927007008357187,10,2010,4
"146",11,2010-11-01,35.7273902439024,"Maine",289,20,0.252226902726903,"Red-Winged Blackbird",-0.598208593089174,11,2010,4
"147",12,2010-12-01,24.9217062818336,"Maine",0,0,0,"Red-Winged Blackbird",-Inf,12,2010,1
"148",13,2011-01-01,16.7677419354839,"Maine",0,0,0,"Red-Winged Blackbird",-Inf,1,2011,1
"149",14,2011-02-01,16.8825568181818,"Maine",26,2,1.25208333333333,"Red-Winged Blackbird",0.0976332346271523,2,2011,1
"150",15,2011-03-01,27.7178110599078,"Maine",1468,197,0.217566910505149,"Red-Winged Blackbird",-0.662407155287138,3,2011,2
"151",16,2011-04-01,40.4512857142857,"Maine",2776,411,0.206424992476684,"Red-Winged Blackbird",-0.685237722560242,4,2011,2
"152",17,2011-05-01,53.0574508261212,"Maine",3899,596,0.128992138082074,"Red-Winged Blackbird",-0.889436758628053,5,2011,2
"153",18,2011-06-01,61.168175,"Maine",2507,360,0.130885070116993,"Red-Winged Blackbird",-0.883109890008449,6,2011,3
"154",19,2011-07-01,68.8701382488479,"Maine",1310,248,0.106965368854671,"Red-Winged Blackbird",-0.970756806891912,7,2011,3
"155",20,2011-08-01,65.6202258064516,"Maine",682,76,0.11983656686383,"Red-Winged Blackbird",-0.921410641345639,8,2011,3
"156",21,2011-09-01,59.9234418604651,"Maine",84,21,0.0841965156250871,"Red-Winged Blackbird",-1.0747058809007,9,2011,4
"157",22,2011-10-01,48.4621198156682,"Maine",577,60,0.153873466432992,"Red-Winged Blackbird",-0.812836262398616,10,2011,4
"158",23,2011-11-01,39.5659285714286,"Maine",981,37,0.401507608901752,"Red-Winged Blackbird",-0.396306220067162,11,2011,4
"159",24,2011-12-01,27.0168421052632,"Maine",0,0,0,"Red-Winged Blackbird",-Inf,12,2011,1
"160",25,2012-01-01,19.3785314091681,"Maine",2,2,0.00330687830687831,"Red-Winged Blackbird",-2.48058178682917,1,2012,1
"161",26,2012-02-01,22.746497277677,"Maine",146,25,0.189808565438754,"Red-Winged Blackbird",-0.72168419317927,2,2012,1
"162",27,2012-03-01,34.9326036866359,"Maine",4784,350,0.34187906791718,"Red-Winged Blackbird",-0.466127488751091,3,2012,2
"163",28,2012-04-01,43.0157073170732,"Maine",3054,529,0.193577225416688,"Red-Winged Blackbird",-0.713145739267675,4,2012,2
"164",29,2012-05-01,54.5073306451613,"Maine",4344,796,0.128299160903286,"Red-Winged Blackbird",-0.891776183970077,5,2012,2
"165",30,2012-06-01,60.9658108108108,"Maine",2782,519,0.115975383875014,"Red-Winged Blackbird",-0.935634181305222,6,2012,3
"166",31,2012-07-01,68.579331797235,"Maine",1495,308,0.0887358580050263,"Red-Winged Blackbird",-1.05190084705899,7,2012,3
"167",32,2012-08-01,68.1135161290322,"Maine",754,136,0.0903256112859328,"Red-Winged Blackbird",-1.04418909062671,8,2012,3
"168",33,2012-09-01,56.7582142857143,"Maine",216,37,0.13681789350907,"Red-Winged Blackbird",-0.863857100393194,9,2012,4
"169",34,2012-10-01,48.9037419354839,"Maine",1304,52,0.729954496213956,"Red-Winged Blackbird",-0.136704212015343,10,2012,4
"170",35,2012-11-01,33.6533846153846,"Maine",414,49,0.122192993430414,"Red-Winged Blackbird",-0.912953695908089,11,2012,4
"171",36,2012-12-01,25.5376370967742,"Maine",6,3,0.0497685185185185,"Red-Winged Blackbird",-1.30304528689931,12,2012,1
"172",37,2013-01-01,17.0768528717545,"Maine",3,2,0.0177902621722846,"Red-Winged Blackbird",-1.74981765173971,1,2013,1
"173",38,2013-02-01,20.7824642857143,"Maine",1,1,0.333333333333333,"Red-Winged Blackbird",-0.477121254719662,2,2013,1
"174",39,2013-03-01,30.9513690007868,"Maine",2154,210,0.524880114162583,"Red-Winged Blackbird",-0.279939880790738,3,2013,2
"175",40,2013-04-01,39.8869302325581,"Maine",5221,687,0.221672610019783,"Red-Winged Blackbird",-0.654287965217191,4,2013,2
"176",41,2013-05-01,52.925,"Maine",7008,1121,0.166029506061423,"Red-Winged Blackbird",-0.779814724122971,5,2013,2
"177",42,2013-06-01,62.0773720930233,"Maine",3272,565,0.131506395919809,"Red-Winged Blackbird",-0.881053124397566,6,2013,3
"178",43,2013-07-01,69.2544767899292,"Maine",2455,372,0.144297250067239,"Red-Winged Blackbird",-0.840741945358367,7,2013,3
"179",44,2013-08-01,64.5759638080252,"Maine",1805,83,0.226213394619425,"Red-Winged Blackbird",-0.645481683066289,8,2013,3
"180",45,2013-09-01,57.6220769230769,"Maine",284,41,0.0972802980742443,"Red-Winged Blackbird",-1.01197510735792,9,2013,4
"181",46,2013-10-01,48.2460887096774,"Maine",2019,78,0.639103843884162,"Red-Winged Blackbird",-0.194428570383442,10,2013,4
"182",47,2013-11-01,33.1760714285714,"Maine",356,49,0.162403591367692,"Red-Winged Blackbird",-0.789404371068209,11,2013,4
"183",48,2013-12-01,18.2054753820034,"Maine",29,9,0.196814615780133,"Red-Winged Blackbird",-0.705942653277824,12,2013,1
"184",49,2014-01-01,15.470590086546,"Maine",1,1,0.25,"Red-Winged Blackbird",-0.602059991327962,1,2014,1
"185",50,2014-02-01,16.5066836734694,"Maine",1,1,0.0166666666666667,"Red-Winged Blackbird",-1.77815125038364,2,2014,1
"186",51,2014-03-01,19.2671597167585,"Maine",1408,174,0.43664609600558,"Red-Winged Blackbird",-0.359870418457102,3,2014,2
"187",52,2014-04-01,39.6270909090909,"Maine",9177,1046,0.302326448653172,"Red-Winged Blackbird",-0.519523857447819,4,2014,2
"188",53,2014-05-01,52.5377569392348,"Maine",9147,1550,0.147496262878493,"Red-Winged Blackbird",-0.831218983291309,5,2014,2
"189",54,2014-06-01,62.2777142857143,"Maine",3770,635,0.1291410065463,"Red-Winged Blackbird",-0.888935832954182,6,2014,3
"190",55,2014-07-01,68.2382670667667,"Maine",3470,442,0.153382810504947,"Red-Winged Blackbird",-0.814223308712644,7,2014,3
"191",56,2014-08-01,65.211797235023,"Maine",2977,197,0.297644724700156,"Red-Winged Blackbird",-0.526301810252879,8,2014,3
"192",57,2014-09-01,57.2814186046512,"Maine",474,56,0.216040048728188,"Red-Winged Blackbird",-0.665465733434998,9,2014,4
"193",58,2014-10-01,49.3377944486122,"Maine",16905,91,8.37964977542652,"Red-Winged Blackbird",0.923225867821429,10,2014,4
"194",59,2014-11-01,32.7658780487805,"Maine",968,75,0.178171951816432,"Red-Winged Blackbird",-0.749160662420877,11,2014,4
"195",60,2014-12-01,27.1457373271889,"Maine",56,9,0.0723884140550807,"Red-Winged Blackbird",-1.14033093814807,12,2014,1
"196",61,2015-01-01,12.4939170506913,"Maine",3,3,0.00616039426523297,"Red-Winged Blackbird",-2.21039149209926,1,2015,1
"197",62,2015-02-01,5.96249169435216,"Maine",0,0,0,"Red-Winged Blackbird",-Inf,2,2015,1
"198",63,2015-03-01,22.2273878835563,"Maine",1459,167,0.284775639808028,"Red-Winged Blackbird",-0.545497163734033,3,2015,2
"199",64,2015-04-01,38.6842857142857,"Maine",9993,1246,0.313722298482354,"Red-Winged Blackbird",-0.503454611797398,4,2015,2
"200",65,2015-05-01,56.8633870967742,"Maine",12752,1921,0.135510898278185,"Red-Winged Blackbird",-0.868025775846787,5,2015,2
"201",66,2015-06-01,58.5139302325581,"Maine",4889,827,0.211359269008566,"Red-Winged Blackbird",-0.674978701745516,6,2015,3
"202",67,2015-07-01,65.9032177419355,"Maine",5017,657,0.140768142080669,"Red-Winged Blackbird",-0.851495621359151,7,2015,3
"203",68,2015-08-01,67.913115656963,"Maine",3377,229,0.213944171347645,"Red-Winged Blackbird",-0.669699540851168,8,2015,3
"204",69,2015-09-01,62.7765714285714,"Maine",1431,77,0.337246826839121,"Red-Winged Blackbird",-0.472052127920678,9,2015,4
"205",70,2015-10-01,44.2750564516129,"Maine",2415,114,0.378041669061709,"Red-Winged Blackbird",-0.422460328082901,10,2015,4
"206",71,2015-11-01,37.836575,"Maine",1826,81,0.170508540664097,"Red-Winged Blackbird",-0.768253862592933,11,2015,4
"207",72,2015-12-01,31.8889170506912,"Maine",15,7,0.0329931972789116,"Red-Winged Blackbird",-1.48157559614591,12,2015,1
"208",73,2016-01-01,20.9273092053501,"Maine",8,7,0.0604910682221607,"Red-Winged Blackbird",-1.2183087461441,1,2016,1
"209",74,2016-02-01,22.4315915119363,"Maine",374,49,0.718554453796463,"Red-Winged Blackbird",-0.143540314395154,2,2016,1
"210",75,2016-03-01,30.3309216589862,"Maine",7548,885,0.500771031509363,"Red-Winged Blackbird",-0.300360802041063,3,2016,2
"211",76,2016-04-01,38.6413023255814,"Maine",7610,1280,0.189390287705037,"Red-Winged Blackbird",-0.722642296210573,4,2016,2
"212",77,2016-05-01,53.6062790697674,"Maine",15072,2316,0.138262188101358,"Red-Winged Blackbird",-0.859296574367905,5,2016,2
"213",78,2016-06-01,61.366625,"Maine",6977,1153,0.139152233014989,"Red-Winged Blackbird",-0.856509820028419,6,2016,3
"214",79,2016-07-01,68.0245086271568,"Maine",6243,788,0.142657423337821,"Red-Winged Blackbird",-0.845705624422107,7,2016,3
"215",80,2016-08-01,67.7109970674487,"Maine",3047,287,0.162574661407928,"Red-Winged Blackbird",-0.788947141818429,8,2016,3
"216",81,2016-09-01,60.2336976744186,"Maine",609,68,0.693306708263026,"Red-Winged Blackbird",-0.159074597655662,9,2016,4
"217",82,2016-10-01,47.6383945986497,"Maine",2888,95,1.08909813601542,"Red-Winged Blackbird",0.0370670147509322,10,2016,4
"218",83,2016-11-01,38.0006976744186,"Maine",493,60,0.151756038513498,"Red-Winged Blackbird",-0.818854018928721,11,2016,4
"219",84,2016-12-01,21.5899527930763,"Maine",17,11,0.0535518032305958,"Red-Winged Blackbird",-1.27122590074413,12,2016,1
"220",85,2017-01-01,22.7212903225807,"Maine",10,3,0.0947712418300654,"Red-Winged Blackbird",-1.02332342858262,1,2017,1
"221",86,2017-02-01,21.3239285714286,"Maine",1439,117,0.555243317796364,"Red-Winged Blackbird",-0.255516659365042,2,2017,1
"222",87,2017-03-01,23.2326209677419,"Maine",4503,520,0.442605498147407,"Red-Winged Blackbird",-0.353983195469202,3,2017,2
"223",88,2017-04-01,42.9486097560976,"Maine",13119,1837,0.197916887688135,"Red-Winged Blackbird",-0.703517147092968,4,2017,2
"224",89,2017-05-01,51.6045852534562,"Maine",16250,2562,0.14210126716194,"Red-Winged Blackbird",-0.847402049314019,5,2017,2
"225",90,2017-06-01,62.1273571428571,"Maine",8648,1334,0.136946016081348,"Red-Winged Blackbird",-0.863450597357104,6,2017,3
"226",91,2017-07-01,66.3199758064516,"Maine",6903,902,0.159467666814778,"Red-Winged Blackbird",-0.797327359925906,7,2017,3
"227",92,2017-08-01,64.4189722430608,"Maine",9756,423,0.518187433396271,"Red-Winged Blackbird",-0.28551312333173,8,2017,3
"228",93,2017-09-01,62.1059333333333,"Maine",3524,99,0.60605010960564,"Red-Winged Blackbird",-0.217491465890619,9,2017,4
"229",94,2017-10-01,52.8098759305211,"Maine",3014,149,0.705627657451894,"Red-Winged Blackbird",-0.151424405139077,10,2017,4
"230",95,2017-11-01,33.3577142857143,"Maine",1147,78,0.468867711908115,"Red-Winged Blackbird",-0.328949673473456,11,2017,4
"231",96,2017-12-01,17.4568433179723,"Maine",44,13,0.102295589026358,"Red-Winged Blackbird",-0.990143092610551,12,2017,1
"232",97,2018-01-01,15.6477188940092,"Maine",6,5,0.1175,"Red-Winged Blackbird",-0.929962133392245,1,2018,1
"233",98,2018-02-01,22.9663675958188,"Maine",363,92,0.292164697827504,"Red-Winged Blackbird",-0.534372260903192,2,2018,1
"234",99,2018-03-01,29.743995601173,"Maine",6515,666,0.48545564290081,"Red-Winged Blackbird",-0.313850446339875,3,2018,2
"235",100,2018-04-01,37.6491363636364,"Maine",10681,1659,0.251418289353854,"Red-Winged Blackbird",-0.599603132869056,4,2018,2
"236",101,2018-05-01,54.6090570719603,"Maine",21121,3713,0.150304516027513,"Red-Winged Blackbird",-0.82302797046855,5,2018,2
"237",102,2018-06-01,60.1171428571429,"Maine",12130,2253,0.159808436639788,"Red-Winged Blackbird",-0.796400297053385,6,2018,3
"238",103,2018-07-01,69.756384096024,"Maine",9061,1224,0.168972725539807,"Red-Winged Blackbird",-0.77218339067325,7,2018,3
"239",104,2018-08-01,69.1075806451613,"Maine",2293,304,0.137196998228648,"Red-Winged Blackbird",-0.862655390575297,8,2018,3
"240",105,2018-09-01,59.308,"Maine",4270,105,1.58182843113583,"Red-Winged Blackbird",0.199159377106241,9,2018,4
"241",106,2018-10-01,43.0893790322581,"Maine",10186,180,3.94802814567301,"Red-Winged Blackbird",0.596380240113837,10,2018,4
"242",107,2018-11-01,29.915512195122,"Maine",1138,131,0.339842844256223,"Red-Winged Blackbird",-0.468721870166478,11,2018,4
"243",108,2018-12-01,21.4908755760369,"Maine",8,4,0.0128476498357964,"Red-Winged Blackbird",-1.89117630865115,12,2018,1
"244",109,2019-01-01,15.2782488479263,"Maine",2,2,0.0333333333333333,"Red-Winged Blackbird",-1.47712125471966,1,2019,1
"245",110,2019-02-01,17.2072591362126,"Maine",14,8,0.0493982027990344,"Red-Winged Blackbird",-1.30628885125166,2,2019,1
"246",111,2019-03-01,25.1515668202765,"Maine",8892,814,0.786378758950362,"Red-Winged Blackbird",-0.104368225841274,3,2019,2
"247",112,2019-04-01,39.7210714285714,"Maine",17004,2229,0.356909095207607,"Red-Winged Blackbird",-0.447442384663713,4,2019,2
"248",113,2019-05-01,49.2958664666167,"Maine",22120,4108,0.149050326326163,"Red-Winged Blackbird",-0.826667068799435,5,2019,2
"249",114,2019-06-01,60.5943783783784,"Maine",12407,2498,0.162915746982599,"Red-Winged Blackbird",-0.788036935966949,6,2019,3
"250",115,2019-07-01,69.5159193548387,"Maine",9571,1415,0.159013212429339,"Red-Winged Blackbird",-0.798566788593016,7,2019,3
"251",116,2019-08-01,65.6303870967742,"Maine",4532,425,0.202674771178257,"Red-Winged Blackbird",-0.693200308633008,8,2019,3
"252",117,2019-09-01,56.813075,"Maine",6433,122,0.781351575556696,"Red-Winged Blackbird",-0.107153507777457,9,2019,4
"253",118,2019-10-01,46.8891935483871,"Maine",4001,131,1.77820083183321,"Red-Winged Blackbird",0.249980809070304,10,2019,4
"254",119,2019-11-01,30.699125,"Maine",7390,92,1.46176616076785,"Red-Winged Blackbird",0.164877903941512,11,2019,4
"255",120,2019-12-01,23.657617866005,"Maine",20,11,0.126598206018771,"Red-Winged Blackbird",-0.897572448518259,12,2019,1
"256",121,2020-01-01,21.7778769692423,"Maine",48,10,0.343647963147963,"Red-Winged Blackbird",-0.463886225874583,1,2020,1
"257",122,2020-02-01,20.6212466843501,"Maine",427,78,0.273204912945599,"Red-Winged Blackbird",-0.563511495158957,2,2020,1
"258",123,2020-03-01,30.7068894009217,"Maine",9647,1285,0.288298194439362,"Red-Winged Blackbird",-0.540158077512858,3,2020,2
"259",124,2020-04-01,38.6657073170732,"Maine",12492,2517,0.179328571153849,"Red-Winged Blackbird",-0.746350511854756,4,2020,2
"260",125,2020-05-01,52.1269949066214,"Maine",27647,5317,0.149434653591382,"Red-Winged Blackbird",-0.825548678836792,5,2020,2
"261",126,2020-06-01,63.5568604651163,"Maine",13895,2566,0.154543028149763,"Red-Winged Blackbird",-0.810950582346924,6,2020,3
"262",127,2020-07-01,69.7661774193548,"Maine",9636,1631,0.146696031148717,"Red-Winged Blackbird",-0.833581635805852,7,2020,3
"263",128,2020-08-01,66.7509429280397,"Maine",6419,403,0.381725607424391,"Red-Winged Blackbird",-0.418248705154181,8,2020,3
"264",129,2020-09-01,58.1116153846154,"Maine",4479,170,0.595302855042676,"Red-Winged Blackbird",-0.225262034588669,9,2020,4
"265",130,2020-10-01,45.8288248847926,"Maine",6468,338,0.429785583131864,"Red-Winged Blackbird",-0.366748156716353,10,2020,4
"266",131,2020-11-01,37.8006428571429,"Maine",1442,146,0.274619705023915,"Red-Winged Blackbird",-0.561268303675675,11,2020,4
"267",132,2020-12-01,27.739551534225,"Maine",35,18,0.0641315931258963,"Red-Winged Blackbird",-1.19292797141612,12,2020,1
"268",133,2021-01-01,22.258615263572,"Maine",54,16,0.113271764601571,"Red-Winged Blackbird",-0.94587833379015,1,2021,1
"269",134,2021-02-01,18.595521978022,"Maine",89,31,0.0733081817643706,"Red-Winged Blackbird",-1.13484755200521,2,2021,1
"270",135,2021-03-01,30.0877419354839,"Maine",0,0,0,"Red-Winged Blackbird",-Inf,3,2021,2
"271",1,2010-01-01,21.3344899738448,"Maine",0,0,0,"Wood Duck",-Inf,1,2010,1
"272",2,2010-02-01,25.6824017857143,"Maine",0,0,0,"Wood Duck",-Inf,2,2010,1
"273",3,2010-03-01,35.7316612903226,"Maine",24,8,0.0671916706919994,"Wood Duck",-1.17268456023047,3,2010,2
"274",4,2010-04-01,46.0832,"Maine",142,50,0.0713848285048285,"Wood Duck",-1.14639407949495,4,2010,2
"275",5,2010-05-01,55.9773599320883,"Maine",207,71,0.0451803228783754,"Wood Duck",-1.34505066974599,5,2010,2
"276",6,2010-06-01,61.9116578947368,"Maine",241,40,0.0840827573077496,"Wood Duck",-1.07529305502089,6,2010,3
"277",7,2010-07-01,70.1997820401046,"Maine",199,43,0.089487355698905,"Wood Duck",-1.04823832488667,7,2010,3
"278",8,2010-08-01,66.4344168734491,"Maine",251,30,0.188809082892416,"Wood Duck",-0.723977117266904,8,2010,3
"279",9,2010-09-01,59.7839512195122,"Maine",368,67,0.120602080460111,"Wood Duck",-0.918645200284153,9,2010,4
"280",10,2010-10-01,46.303768686074,"Maine",165,40,0.354273211321102,"Wood Duck",-0.450661685982589,10,2010,4
"281",11,2010-11-01,35.7273902439024,"Maine",11,4,0.145,"Wood Duck",-0.838631997765025,11,2010,4
"282",12,2010-12-01,24.9217062818336,"Maine",0,0,0,"Wood Duck",-Inf,12,2010,1
"283",13,2011-01-01,16.7677419354839,"Maine",1,1,0.0166666666666667,"Wood Duck",-1.77815125038364,1,2011,1
"284",14,2011-02-01,16.8825568181818,"Maine",1,1,0.00952380952380952,"Wood Duck",-2.02118929906994,2,2011,1
"285",15,2011-03-01,27.7178110599078,"Maine",150,26,0.194014032082011,"Wood Duck",-0.712166858547068,3,2011,2
"286",16,2011-04-01,40.4512857142857,"Maine",430,102,0.100469119511146,"Wood Duck",-0.997967403783332,4,2011,2
"287",17,2011-05-01,53.0574508261212,"Maine",170,87,0.0330086789574189,"Wood Duck",-1.48137185625083,5,2011,2
"288",18,2011-06-01,61.168175,"Maine",316,57,0.0954887183711216,"Wood Duck",-1.02004793562661,6,2011,3
"289",19,2011-07-01,68.8701382488479,"Maine",176,39,0.0653606423676166,"Wood Duck",-1.18468368818708,7,2011,3
"290",20,2011-08-01,65.6202258064516,"Maine",354,54,0.145329514205176,"Wood Duck",-0.837646178167209,8,2011,3
"291",21,2011-09-01,59.9234418604651,"Maine",223,51,0.181863534310316,"Wood Duck",-0.740254373148919,9,2011,4
"292",22,2011-10-01,48.4621198156682,"Maine",180,42,0.06985804683402,"Wood Duck",-1.15578356099819,10,2011,4
"293",23,2011-11-01,39.5659285714286,"Maine",18,9,0.0192918871252205,"Wood Duck",-1.71462528775354,11,2011,4
"294",24,2011-12-01,27.0168421052632,"Maine",0,0,0,"Wood Duck",-Inf,12,2011,1
"295",25,2012-01-01,19.3785314091681,"Maine",2,2,0.35,"Wood Duck",-0.455931955649724,1,2012,1
"296",26,2012-02-01,22.746497277677,"Maine",0,0,0,"Wood Duck",-Inf,2,2012,1
"297",27,2012-03-01,34.9326036866359,"Maine",236,67,0.130217986191378,"Wood Duck",-0.885329025259546,3,2012,2
"298",28,2012-04-01,43.0157073170732,"Maine",466,134,0.0990193207401797,"Wood Duck",-1.00428005719867,4,2012,2
"299",29,2012-05-01,54.5073306451613,"Maine",325,105,0.0735070753187863,"Wood Duck",-1.13367085650738,5,2012,2
"300",30,2012-06-01,60.9658108108108,"Maine",276,70,0.102539611509144,"Wood Duck",-0.989108332299898,6,2012,3
"301",31,2012-07-01,68.579331797235,"Maine",179,44,0.0655114027406808,"Wood Duck",-1.18368310128528,7,2012,3
"302",32,2012-08-01,68.1135161290322,"Maine",299,43,0.150884920996118,"Wood Duck",-0.821354160193914,8,2012,3
"303",33,2012-09-01,56.7582142857143,"Maine",286,76,0.107409946033361,"Wood Duck",-0.968955501621484,9,2012,4
"304",34,2012-10-01,48.9037419354839,"Maine",311,47,0.159445466700043,"Wood Duck",-0.797387823960337,10,2012,4
"305",35,2012-11-01,33.6533846153846,"Maine",14,11,0.0820313524858979,"Wood Duck",-1.08602012799163,11,2012,4
"306",36,2012-12-01,25.5376370967742,"Maine",1,1,0.0666666666666667,"Wood Duck",-1.17609125905568,12,2012,1
"307",37,2013-01-01,17.0768528717545,"Maine",0,0,0,"Wood Duck",-Inf,1,2013,1
"308",38,2013-02-01,20.7824642857143,"Maine",2,2,0.0227777777777778,"Wood Duck",-1.64248864838357,2,2013,1
"309",39,2013-03-01,30.9513690007868,"Maine",317,65,0.128137700816965,"Wood Duck",-0.892323072848163,3,2013,2
"310",40,2013-04-01,39.8869302325581,"Maine",1255,198,0.131235810264766,"Wood Duck",-0.881947643021877,4,2013,2
"311",41,2013-05-01,52.925,"Maine",514,210,0.0499041609137095,"Wood Duck",-1.30186324222176,5,2013,2
"312",42,2013-06-01,62.0773720930233,"Maine",212,59,0.0892425836076909,"Wood Duck",-1.04942786521113,6,2013,3
"313",43,2013-07-01,69.2544767899292,"Maine",289,53,0.122661474841501,"Wood Duck",-0.911291817802164,7,2013,3
"314",44,2013-08-01,64.5759638080252,"Maine",696,71,0.200673882341874,"Wood Duck",-0.697509147158258,8,2013,3
"315",45,2013-09-01,57.6220769230769,"Maine",442,85,0.139935632628525,"Wood Duck",-0.85407168448226,9,2013,4
"316",46,2013-10-01,48.2460887096774,"Maine",398,77,0.188656982800318,"Wood Duck",-0.724327115533101,10,2013,4
"317",47,2013-11-01,33.1760714285714,"Maine",47,11,0.0914285714285714,"Wood Duck",-1.03891806603037,11,2013,4
"318",48,2013-12-01,18.2054753820034,"Maine",3,3,0.0319474058280028,"Wood Duck",-1.4955644013655,12,2013,1
"319",49,2014-01-01,15.470590086546,"Maine",0,0,0,"Wood Duck",-Inf,1,2014,1
"320",50,2014-02-01,16.5066836734694,"Maine",0,0,0,"Wood Duck",-Inf,2,2014,1
"321",51,2014-03-01,19.2671597167585,"Maine",180,39,0.246930531751504,"Wood Duck",-0.607425208361246,3,2014,2
"322",52,2014-04-01,39.6270909090909,"Maine",2947,347,0.313386165729709,"Wood Duck",-0.503920179149688,4,2014,2
"323",53,2014-05-01,52.5377569392348,"Maine",1146,329,0.062044141223533,"Wood Duck",-1.20729922229452,5,2014,2
"324",54,2014-06-01,62.2777142857143,"Maine",476,99,0.0854124833215551,"Wood Duck",-1.06847865107367,6,2014,3
"325",55,2014-07-01,68.2382670667667,"Maine",431,85,0.0740864688839986,"Wood Duck",-1.13026110410732,7,2014,3
"326",56,2014-08-01,65.211797235023,"Maine",829,127,0.150213526243939,"Wood Duck",-0.823290958752545,8,2014,3
"327",57,2014-09-01,57.2814186046512,"Maine",934,136,0.156565726231139,"Wood Duck",-0.805303303183551,9,2014,4
"328",58,2014-10-01,49.3377944486122,"Maine",666,88,0.163341050379903,"Wood Duck",-0.786904655967249,10,2014,4
"329",59,2014-11-01,32.7658780487805,"Maine",36,16,0.0870787300084175,"Wood Duck",-1.06008791351195,11,2014,4
"330",60,2014-12-01,27.1457373271889,"Maine",0,0,0,"Wood Duck",-Inf,12,2014,1
"331",61,2015-01-01,12.4939170506913,"Maine",4,4,0.0872058823529412,"Wood Duck",-1.05945421934197,1,2015,1
"332",62,2015-02-01,5.96249169435216,"Maine",0,0,0,"Wood Duck",-Inf,2,2015,1
"333",63,2015-03-01,22.2273878835563,"Maine",113,32,0.268866567460317,"Wood Duck",-0.570463197293951,3,2015,2
"334",64,2015-04-01,38.6842857142857,"Maine",3340,463,0.243930963048283,"Wood Duck",-0.612733069602085,4,2015,2
"335",65,2015-05-01,56.8633870967742,"Maine",1048,345,0.0460684592997275,"Wood Duck",-1.33659631192391,5,2015,2
"336",66,2015-06-01,58.5139302325581,"Maine",421,110,0.0657035115038021,"Wood Duck",-1.18241141908601,6,2015,3
"337",67,2015-07-01,65.9032177419355,"Maine",420,79,0.126954371850953,"Wood Duck",-0.896352338996225,7,2015,3
"338",68,2015-08-01,67.913115656963,"Maine",660,129,0.0899958322354298,"Wood Duck",-1.0457776025503,8,2015,3
"339",69,2015-09-01,62.7765714285714,"Maine",882,124,0.196810651624189,"Wood Duck",-0.705951400739913,9,2015,4
"340",70,2015-10-01,44.2750564516129,"Maine",415,114,0.134389452036615,"Wood Duck",-0.871634816863016,10,2015,4
"341",71,2015-11-01,37.836575,"Maine",99,17,0.289775318708146,"Wood Duck",-0.537938607841148,11,2015,4
"342",72,2015-12-01,31.8889170506912,"Maine",2,2,0.022138816362054,"Wood Duck",-1.65484560211899,12,2015,1
"343",73,2016-01-01,20.9273092053501,"Maine",13,11,0.133053613053613,"Wood Duck",-0.875973327742115,1,2016,1
"344",74,2016-02-01,22.4315915119363,"Maine",3,3,0.15,"Wood Duck",-0.823908740944319,2,2016,1
"345",75,2016-03-01,30.3309216589862,"Maine",954,188,0.155015680242263,"Wood Duck",-0.809624369582862,3,2016,2
"346",76,2016-04-01,38.6413023255814,"Maine",1530,411,0.106088233593559,"Wood Duck",-0.974332781685486,4,2016,2
"347",77,2016-05-01,53.6062790697674,"Maine",1115,338,0.0695975141708846,"Wood Duck",-1.15740627190018,5,2016,2
"348",78,2016-06-01,61.366625,"Maine",611,155,0.0826002475529975,"Wood Duck",-1.08301865109681,6,2016,3
"349",79,2016-07-01,68.0245086271568,"Maine",637,114,0.0935714677235863,"Wood Duck",-1.02885655830501,7,2016,3
"350",80,2016-08-01,67.7109970674487,"Maine",1233,160,0.176617126063297,"Wood Duck",-0.7529671864087,8,2016,3
"351",81,2016-09-01,60.2336976744186,"Maine",940,152,0.182089880619709,"Wood Duck",-0.739714188818674,9,2016,4
"352",82,2016-10-01,47.6383945986497,"Maine",521,107,0.126304419044776,"Wood Duck",-0.89858145440755,10,2016,4
"353",83,2016-11-01,38.0006976744186,"Maine",34,10,0.137925118110152,"Wood Duck",-0.860356635468355,11,2016,4
"354",84,2016-12-01,21.5899527930763,"Maine",26,20,0.0772460422025639,"Wood Duck",-1.11212376295322,12,2016,1
"355",85,2017-01-01,22.7212903225807,"Maine",28,24,0.08372816997817,"Wood Duck",-1.07712840093393,1,2017,1
"356",86,2017-02-01,21.3239285714286,"Maine",36,22,0.100413284195924,"Wood Duck",-0.998208828313037,2,2017,1
"357",87,2017-03-01,23.2326209677419,"Maine",381,85,0.294810643828186,"Wood Duck",-0.530456840784492,3,2017,2
"358",88,2017-04-01,42.9486097560976,"Maine",1673,497,0.122385327384539,"Wood Duck",-0.91227064606214,4,2017,2
"359",89,2017-05-01,51.6045852534562,"Maine",871,324,0.0570250840827516,"Wood Duck",-1.24393406568923,5,2017,2
"360",90,2017-06-01,62.1273571428571,"Maine",774,162,0.0989255888657114,"Wood Duck",-1.00469135586741,6,2017,3
"361",91,2017-07-01,66.3199758064516,"Maine",787,135,0.122044058730697,"Wood Duck",-0.913483357773038,7,2017,3
"362",92,2017-08-01,64.4189722430608,"Maine",1305,207,0.138954836452842,"Wood Duck",-0.857126332598544,8,2017,3
"363",93,2017-09-01,62.1059333333333,"Maine",873,179,0.111242173345396,"Wood Duck",-0.953730534886156,9,2017,4
"364",94,2017-10-01,52.8098759305211,"Maine",409,98,0.114576146256982,"Wood Duck",-0.940905789238384,10,2017,4
"365",95,2017-11-01,33.3577142857143,"Maine",67,24,0.131616392747469,"Wood Duck",-0.880690016220547,11,2017,4
"366",96,2017-12-01,17.4568433179723,"Maine",16,10,0.117751322751323,"Wood Duck",-0.929034205554703,12,2017,1
"367",97,2018-01-01,15.6477188940092,"Maine",29,29,0.0557483859065876,"Wood Duck",-1.25376770230689,1,2018,1
"368",98,2018-02-01,22.9663675958188,"Maine",37,29,0.0866236932071662,"Wood Duck",-1.0623633040361,2,2018,1
"369",99,2018-03-01,29.743995601173,"Maine",239,84,0.226639684077011,"Wood Duck",-0.644664043869309,3,2018,2
"370",100,2018-04-01,37.6491363636364,"Maine",1837,468,0.141002587786309,"Wood Duck",-0.850772916770143,4,2018,2
"371",101,2018-05-01,54.6090570719603,"Maine",1208,435,0.0856296752105947,"Wood Duck",-1.06737570323402,5,2018,2
"372",102,2018-06-01,60.1171428571429,"Maine",1493,291,0.198088922806717,"Wood Duck",-0.703139809662993,6,2018,3
"373",103,2018-07-01,69.756384096024,"Maine",1153,236,0.100957678863642,"Wood Duck",-0.995860642928589,7,2018,3
"374",104,2018-08-01,69.1075806451613,"Maine",847,213,0.154048458851719,"Wood Duck",-0.812342642141212,8,2018,3
"375",105,2018-09-01,59.308,"Maine",934,211,0.128195267151239,"Wood Duck",-0.892128008265273,9,2018,4
"376",106,2018-10-01,43.0893790322581,"Maine",826,172,0.178470385776249,"Wood Duck",-0.748433837596393,10,2018,4
"377",107,2018-11-01,29.915512195122,"Maine",22,11,0.0833635016539358,"Wood Duck",-1.07902405127773,11,2018,4
"378",108,2018-12-01,21.4908755760369,"Maine",19,18,0.0502037884945791,"Wood Duck",-1.29926350874723,12,2018,1
"379",109,2019-01-01,15.2782488479263,"Maine",9,9,0.0863153277368964,"Wood Duck",-1.06391207612174,1,2019,1
"380",110,2019-02-01,17.2072591362126,"Maine",1,1,0.25,"Wood Duck",-0.602059991327962,2,2019,1
"381",111,2019-03-01,25.1515668202765,"Maine",862,180,0.269838578823271,"Wood Duck",-0.568895959140366,3,2019,2
"382",112,2019-04-01,39.7210714285714,"Maine",2329,629,0.176583921004274,"Wood Duck",-0.753048844003245,4,2019,2
"383",113,2019-05-01,49.2958664666167,"Maine",1940,621,0.0713990479907107,"Wood Duck",-1.14630757891203,5,2019,2
"384",114,2019-06-01,60.5943783783784,"Maine",1032,310,0.0892608866738634,"Wood Duck",-1.04933880340571,6,2019,3
"385",115,2019-07-01,69.5159193548387,"Maine",674,175,0.0796608385125989,"Wood Duck",-1.09875512650467,7,2019,3
"386",116,2019-08-01,65.6303870967742,"Maine",1067,212,0.117593154115755,"Wood Duck",-0.929617960711349,8,2019,3
"387",117,2019-09-01,56.813075,"Maine",1175,216,0.16414730718785,"Wood Duck",-0.784766237412557,9,2019,4
"388",118,2019-10-01,46.8891935483871,"Maine",784,150,0.179534568348298,"Wood Duck",-0.745851918130213,10,2019,4
"389",119,2019-11-01,30.699125,"Maine",90,36,0.161300670697038,"Wood Duck",-0.792363826787001,11,2019,4
"390",120,2019-12-01,23.657617866005,"Maine",4,3,0.0287177814575075,"Wood Duck",-1.54184911380224,12,2019,1
"391",121,2020-01-01,21.7778769692423,"Maine",10,10,0.0645564736485453,"Wood Duck",-1.19006020066525,1,2020,1
"392",122,2020-02-01,20.6212466843501,"Maine",7,6,0.0289128509876949,"Wood Duck",-1.53890908206935,2,2020,1
"393",123,2020-03-01,30.7068894009217,"Maine",662,196,0.192123147943559,"Wood Duck",-0.716420306046626,3,2020,2
"394",124,2020-04-01,38.6657073170732,"Maine",1381,502,0.0956229235123267,"Wood Duck",-1.0194379826036,4,2020,2
"395",125,2020-05-01,52.1269949066214,"Maine",2044,648,0.116378329338027,"Wood Duck",-0.934127881585674,5,2020,2
"396",126,2020-06-01,63.5568604651163,"Maine",1829,436,0.106370148533674,"Wood Duck",-0.973180234316074,6,2020,3
"397",127,2020-07-01,69.7661774193548,"Maine",2027,416,0.185735978631501,"Wood Duck",-0.731103961593278,7,2020,3
"398",128,2020-08-01,66.7509429280397,"Maine",1945,381,0.159604836157124,"Wood Duck",-0.796953953307774,8,2020,3
"399",129,2020-09-01,58.1116153846154,"Maine",2611,447,0.189410222070741,"Wood Duck",-0.722596586741816,9,2020,4
"400",130,2020-10-01,45.8288248847926,"Maine",1375,272,0.255322484548444,"Wood Duck",-0.592910938092972,10,2020,4
"401",131,2020-11-01,37.8006428571429,"Maine",83,36,0.0854716969218825,"Wood Duck",-1.06817767364126,11,2020,4
"402",132,2020-12-01,27.739551534225,"Maine",11,6,0.0916958450046685,"Wood Duck",-1.0376503429824,12,2020,1
"403",133,2021-01-01,22.258615263572,"Maine",53,28,0.231756251267529,"Wood Duck",-0.634968542601469,1,2021,1
"404",134,2021-02-01,18.595521978022,"Maine",53,29,0.214536195095426,"Wood Duck",-0.668499426070811,2,2021,1
"405",135,2021-03-01,30.0877419354839,"Maine",0,0,0,"Wood Duck",-Inf,3,2021,2
